ranking,slug,name
1,bored-ape-yacht-club,Bored Ape Yacht Club
2,cryptopunks,CryptoPunks
3,mutant-ape-yacht-club,Mutant Ape Yacht Club
4,otherdeed,Otherdeed for Otherside
5,azuki,Azuki
6,autoglyphs,Autoglyphs
7,the_sandbox,The Sandbox
8,chromie-squiggle-art-blocks-curated,Chromie Squiggle - Art Blocks
9,degods,DeGods
10,Decentraland,Decentraland
11,fidenza-art-blocks-curated,Fidenza - Art Blocks
12,thecaptainz,The Captainz
13,bored-ape-kennel-club,Bored Ape Kennel Club
14,clonex,Clone X
15,meebits,Meebits
16,ringers-art-blocks-curated,Ringers - Art Blocks
17,pudgy-penguins,Pudgy Penguins
18,veefriends,VeeFriends
19,proof-moonbirds,Moonbirds
20,cryptoninja-partners,CryptoNinja Partners
21,damien-hirst-the-currency,Damien Hirst - The Currency
22,the-potatoz,The Potatoz
23,doodles,Doodles
24,live-like-a-cat-nekonoyouniikiru,Live Like A Cat -neko no youni ikiru-
25,space-doodles,Space Doodles
26,hv-mtl-nft,The HV-MTL (Heavy Metal)
27,beanz-official,BEANZ Official
28,youtherealmvp,YOU THE REAL MVP
29,creepz-genesis,Creepz Genesis
30,y00ts,y00ts
31,nouns,Nouns
32,gazers,Gazers - Art Blocks Curated
33,terraforms-by-mathcastles,Terraforms
34,trump-nft-digital-trading-cards,Trump Digital Trading Cards
35,onchainmonkey,OnChainMonkey
36,nft-worlds,NFT Worlds
37,milady,Milady Maker
38,deafbeef,Deafbeef Series 0 - 5
39,renga-black-box,Renga Black Box
40,fluf-world,FLUF World
41,kanpai-pandas,Kanpai Pandas
42,proof-collective,PROOF Collective
43,beeple-genesis-collection,Beeple Genesis Collection
44,world-of-women,World of Women
45,cyberkongz-genesis,CyberKongz
46,v1-cryptopunks-wrapped,V1 CryptoPunks Wrapped
47,adidas-originals-into-the-metaverse-phase-1-and-2,Adidas Originals - Into the Metaverse (1 and 2)
48,checks-vv-edition,Checks - VV Edition
49,killabears,KILLABEARS
50,cool-cats,Cool Cats
51,the-eternal-pump,The Eternal Pump - Art Blocks Playground
52,nakamigos,Nakamigos
53,meridian-art-blocks-playground,Meridian - Art Blocks Playground
54,bored_ape_chemistry_club,Bored Ape Chemistry Club
55,digidaigaku,DigiDaigaku
56,invisible-friends,Invisible Friends
57,veefriends-series-2,VeeFriends Series 2
58,beeple-everydays,Beeple: Everydays - The 2020 Collection
59,forgotten-runes-wizards-cult,Forgotten Runes Wizards Cult
60,mfers,Mfers
61,incomplete-control-by-tyler-hobbs,Incomplete Control by Tyler Hobbs
62,etheria,Etheria
63,lil-pudgys,Lil Pudgys
64,a-kid-called-beast,a KID called BEAST
65,asm-aifa-genesis,ASM Aifa Genesis
66,grifters-by-xcopy,Grifters by XCOPY
67,neo-tokyo-identities,Neo Tokyo Identities
68,rektguy,Rektguy
69,rtfkt-egg-animus,RTFKT - Animus Egg
70,sappy-seals,Sappy Seals
71,archetype-art-blocks-curated,Archetype - Art Blocks
72,io-imaginary-ones,IO: Imaginary Ones
73,aww-friends,Aww Friends - Reddit
74,cryptodickbutts,CryptoDickbutts
75,elevated-deconstructions-art-blocks-curated,Elevated Deconstructions - Art Blocks Curated
76,qql-mint-pass,QQL Mint Pass
77,friendship-bracelets-by-alexis-andre,Friendship Bracelets - Art Blocks Explorations
78,the-singularity,The Singularity - Reddit
79,murakami-flowers,Murakami.Flowers Official
80,opepen-edition-nft,Opepen Edition
81,mocaverse,Mocaverse
82,cryptoadz,CrypToadz by Gremplin
83,the-memes-by-6529,The Memes by 6529
84,genesis-braindrops,Genesis - Braindrops
85,cyberkongz-babies,CyberKongz Babies
86,0n1-force,0N1 Force
87,renga,Renga
88,cyberkongz-vx,CyberKongz VX
89,valhalla,Valhalla
90,memories-of-qilin-art-blocks-curated,Memories of Qilin - Art Blocks Curated
91,beeple-spring-summer-collection,Beeple Spring Summer Collection 2021
92,anticyclone-art-blocks-curated,Anticyclone - Art Blocks Curated
93,curio-cards,Curio Cards
94,cyberbrokers,CyberBrokers
95,looki,Looki
96,max-pain-and-frens-by-xcopy,Max Pain and Frens by Xcopy
97,voxies,Voxies
98,mutant-hound-collars,Mutant Hound Collars
99,neo-tokyo-part-4-land-deeds,Neo Tokyo Part 4: Land Deeds
100,xana-penpenz-cryptoninja,XANA : PENPENZ x CryptoNinja
101,dodgers-mlb-crypto,Dodgers MLB Crypto
102,treeverse,Treeverse Plots
103,10ktf,10KTF
104,exosama-expect-chaos,Exosama - Expect Chaos
105,loomlocknft,Wassies by Wassies
106,chimpers-nft,Chimpers
107,rug-radio-genesis-nft,Rug Radio - Genesis NFT
108,goblintownwtf,goblintown.wtf
109,mooncats,Mooncats
110,metahero-universe-generative,Inhabitants: Generative Identities (MetaHero)
111,impostors-genesis-aliens,Impostors Genesis Aliens
112,pixelmon-generation-1,Pixelmon Generation 1
113,subscapes-art-blocks-curated,Subscapes - Art Blocks Curated
114,aopanda-party,Aopanda Party
115,quirkies-originals,Quirkies Originals
116,nftrees,NFTrees
117,starbucks-heritage-journey-stamp,Heritage Journey Stamp
118,beeple-5000-days-collection,Beeple - The 5000 Days Collection
119,crypto-citizens-official,Crypto Citizens
120,jrny-nft-club,JRNY NFT Club
121,moonbirds-oddities,Moonbirds Oddities
122,deadfellaz,DeadFellaz
123,f1-delta-time,F1 Delta Time
124,meme-team,Meme Team - Reddit
125,parallel-alpha,Parallel Alpha
126,fullsend-metacard-nft,FULL SEND METACARD
127,drip-squad,Drip Squad - Reddit
128,wolf-game,Wolf Game
129,lobsterdao,LobsterDao
130,porsche-911-nft,PORSCHE 911
131,rtfkt-mnlth,RTFKT - MNLTH
132,blitmap,Blitmap
133,realms-for-adventurers,Realms (for Adventurers)
134,loot,Loot (for Adventurers)
135,genesis-art-blocks-curated,Genesis - Art Blocks Curated
136,ikb-cachet-de-garantie,IKB Cachet de Garantie
137,asm-brains,ASM Brains
138,portal-art-blocks-playground,Portal by Jeff Davis
139,startbucks-holiday-cheer-edition-1-stamp,Holiday Cheer Edition 1 Stamp
140,the-shiboshis,The Shiboshis
141,fewoworld-paint-nft,FewoWorld: Paint
142,lazy-lions,Lazy Lions
143,unigrids-art-blocks-curated,Unigrids - Art Blocks
144,singularity-art-blocks-curated,Singularity - Art Blocks
145,collectvoxmirandus,Vox Collectibles: Mirandus
146,degentoonz-collection,DEGEN TOONZ COLLECTION
147,bitchcoin,Bitchcoin
148,life-in-west-america-by-roope-rainisto,Life in West America
149,adam-bomb-squad,Adam Bomb Squad
150,mutant-garden-seeder,Mutant Garden Seeder
151,rumble-kong-league,Rumble Kong League
152,1111-by-kevin-abosch,1111 by Kevin Abosch
153,letswalk,LetsWalk
154,cryptovoxels,Voxels (former Cryptovoxels)
155,metahero-universe-core-identities,Pixel Vault Core Collection (MetaHero)
156,doodles-genesis-box,Genesis Box - Doodles
157,construction-token-art-blocks-curated,Construction Token - Art Blocks Curated
158,sewer-pass-nft,Sewer Pass
159,0xMons,0xmons
160,cryptocubes,CryptoCubes
161,squiggly,Squiggly
162,wicked-ape-bone-club,Wicked Ape Bone Club
163,podgans-braindrops,PodGANs - Braindrops
164,hashmasks,Hashmasks
165,gutter-cat-gang,Gutter Cat Gang
166,illuminati-nft,Illuminati NFT
167,cryptoskulls,CryptoSkulls
168,hedz-by-matt-furie,Hedz
169,timeless-characters,Timeless Characters
170,anonymice,Anonymice
171,wolf-game-farmer,Wolf Game - Farmer
172,gemesis,Gemesis
173,xanaland,XANA: LAND
174,supernormalbyzipcy,Zipcy's SuperNormal
175,ack-unique-editions,ACK Unique Editions 1/1s
176,world-of-women-galaxy,World of Women Galaxy
177,10ktf-stockroom,10KTF Stockroom
178,collectvox,Vox Collectibles
179,hapeprime,Hape Prime
180,where-my-vans-go,Where My Vans Go
181,phantabear,Phanta Bear
182,light-years-by-dmitri-cherniak,Light Years
183,wolf-game-land,Wolf Game - Genesis Land
184,fragments-of-an-infinite-field-art-blocks-curated,Fragments of an Infinite Field - Art Blocks Curated
185,10ktf-gucci-grail,10KTF Gucci Grail
186,remilio-babies,Redacted Remilio Babies
187,akutars,Akutars
188,alienfrensnft,Alien Frens
189,screens-art-blocks-curated,Screens - Art Blocks Curated
190,colorglyphs,Colorglyphs
191,eulerbeats-genesis-original,Euler Beats Genesis
192,psychedelics-anonymous-genesis,Psychedelics Anonymous Genesis
193,pudgy-rods,Pudgy Rods
194,worldwide-webb-land,Worldwide Webb Land
195,genuine-undead-nft,Genuine Undead
196,desperate-ape-wives,Desperate Ape Wives
197,sail-o-bots-art-blocks-factory,Sail-o-bots - Art Blocks
198,neo-tokyo-outer-identities,NeoTokyo Outer Identities
199,chimera-art-blocks-curated,Chimera - Art Blocks Curated
200,finiliar,Finiliar
201,edifice,Edifice - Art Blocks Curated
202,mekaverse,Mekaverse
203,notable-pepes,Notable Pepes
204,bastard-gan-punks-v2,Bastard Gan Punks V2
205,the-weirdo-ghost-gang,The Weirdo Ghost Gang
206,impact-theory-founders-key,Impact Theory Founder's Key
207,kpr-keepers-nft,KPR - Keepers
208,nike-rtfkt-cryptokicks-dunk-genesis,RTFKT x Nike Dunk Genesis CRYPTOKICKS
209,wonderpals,Wonderpals
210,angry-ape-army,Angry Ape Army
211,century-art-blocks-curated,Century - Art Blocks
212,kleee02,KLEEE02
213,fluf-world-thingies,FLUF World Thingies
214,the187-nft,The 187
215,byopills,BYOPills
216,habbo-avatars,Habbo Avatars
217,dino-pals-art-blocks-factory,Dino Pals - Art Blocks Factory
218,premint-collector-pass,Premint Collector Pass
219,the-anata-nft,Anata
220,cryptoon-goonz,Cryptoon Goonz
221,rtfkt-capsule-space-drip,RTFKT Capsule : Space Drip
222,peopleintheplacetheylove,People In The Place They Love
223,zombieclub-token,ZombieClub Token
224,cool-pets-nft,Cool Pets NFT
225,the-blitnauts,The Blitnauts
226,gh0stly-gh0sts,Gh0stly Gh0sts
227,merge,Merge
228,tubby-cats,Tubby Cats
229,creature-world,Creature World
230,boss-beauties,Boss Beauties
231,the-doge-pound,The Doge Pound
232,cryptocoven,Crypto Coven
233,fomo-dog-club,Fomo Dog Club
234,fancy-bears,Fancy Bears
235,pegz,PEGZ
236,neo-tokyo-part-3-item-caches,Neo Tokyo Part 3: Item Caches
237,qql,QQL
238,frammenti-art-blocks-curated,Frammenti - Art Blocks Curated
239,adidas-originals-capsule-collection,Adidas Original - Capsule Impossible Box
240,punks-comic,Punks Comic
241,mutant-cats,Mutant Cats
242,cockpunch-nft,COCKPUNCH by Tim Ferriss
243,awkward-astronauts-by-lambo,Awkward Astronauts by Lambo
244,dooplicator,Dooplicator
245,the-saudis-nft,The Saudis
246,purrnelopes-country-club,Purrnelopes Country Club
247,brain-loops-by-gene-kogan,Brain Loops
248,momoguro-holoself,Momoguro: Holoself
249,ragnarok-meta,Ragnarok Meta
250,phase-art-blocks-curated,Phase - Art Blocks Curated
251,gener8tive-k-compositions,Gener8tive K-Compositions
252,bapetaverse-official,(B)APETAVERSE
253,salt-v4,Salt V4
254,grailers-dao,Grailers DAO NFT
255,720-minutes-art-blocks-curated,720 Minutes - Art Blocks
256,lil-nouns,Lil Nouns
257,neo-tokyo-part-2-vault-cards,Neo Tokyo Part 2: Vault Cards
258,ledger-market-pass-genesis-edition,Ledger Market Pass - Genesis Edition
259,100-untitled-spaces-by-snowfro,100 Untitled Spaces by Snowfro
260,supducks,SupDucks
261,everai-heroes-duo,Everai Heroes: Duo
262,bricktopians-by-law-degree,Bricktopians
263,cosmic-reef-art-blocks-curated,Cosmic Reef - Art Blocks Curated
264,pigments-art-blocks-curated,Pigments - Art Blocks Curated
265,nifty-league-degens,Nifty League Degens
266,kaiju-kingz,Kaiju Kingz
267,baby-doge-army,Baby Doge Army
268,crypto-stamp,Crypto Stamp
269,byoland,BYOLand
270,off-script-by-emily-xie,Off Script by Emily Xie
271,folio-by-matt-deslauriers,FOLIO by Matt Deslauriers
272,inft-personality-pod-by-alethea-ai,iNFT Personality Pod by Alethea AI
273,revenants-by-alethea-ai,Revenants by Alethea AI
274,skulptuur-art-blocks-curated,Skulptuur - Art Blocks Curated
275,rareapepeyachtclub,Rare Apepe YC
276,prime-ape-planet-pap,Prime Ape Planet PAP
277,super-puma,Super Puma
278,nina-s-super-cool-world,Nina's Super Cool World
279,dynamic-slices-art-blocks-curated,Dynamic Slices - Art Blocks Curated
280,creepz-reptile-armoury,Creepz Reptile Armoury
281,foxfam,FoxFam
282,jadu-jetpack,Jadu Jetpack
283,fvck-crystal,FVCK_Crystal
284,capsule-house,Capsule House
285,foustlings,Foustlings - Reddit
286,vaynersports-pass-vsp,VaynerSports Pass VSP
287,the-senses,The Senses - Reddit
288,nimbuds-art-blocks-curated,NimBuds - Art Blocks Curated
289,100-sunsets-by-zach-lieberman,100 Sunsets by Zach Lieberman
290,avastars,Avastars
291,galaxy-eggs,Galaxy Eggs
292,killergf,Killer GF
293,nftiff,NFTiff
294,crypto-cannabis-club,Crypto Cannabis Club
295,mlb-champions,MLB Champions
296,smowl,SMOWL
297,minipods-by-van-arman-x-mindshift-x-ricky,Minipods
298,playboy-rabbitars-official,Playboy Rabbitars Official
299,bears-deluxe,Bears Deluxe
300,createra-genesis-land,Createra Genesis Land
301,bent,Bent - Art Blocks Curated
302,mv3-nft,The MV3 Universe
303,3landers,3Landers
304,karafuru,Karafuru
305,decentraland_names,Decentraland Names
306,robness-cyberpopgallery,ROBNESS CYBERPOPGALLERY
307,the-blocks-of-art-art-blocks-curated,The Blocks of Art - Art Blocks Curated
308,cryptoarte,Cryptoarte
309,lives-of-asuna,Lives of Asuna
310,sorare,Sorare
311,factura-by-mathias-isaksen,Factura by Mathias Isaksen
312,tiny-dinos,Tiny Dinos
313,muri-haus,Muri by Haus
314,mcgoblinwtf,mcgoblin.wtf
315,fewocious-x-rtfkt,Fewocious x RTFKT
316,the-alien-boy,The Alien Boy
317,eightbitme,EightBit Me
318,lil-heroes-by-edgar-plans,Lil' Heroes by Edgar Plans
319,cryptomories,CryptoMories
320,the_sandbox_assets,The Sandbox Assets
321,gutter-dogs,Gutter Dogs
322,the-art-of-seasons,The Art of Seasons
323,meta-legends,Meta Legends
324,grumpls-nft,Grumpls
325,ether-cards-founder,Ether Cards Founder
326,color-study-art-blocks-playground,Color Study - Art Blocks Playground
327,jungle-freaks-by-trosley,Jungle Freaks by Trosley
328,paper-armada-art-blocks-playground,Paper Armada - Art Blocks Playground
329,chumbi-valley,Chumbi Valley Official
330,stepn-shoeboxes,STEPN shoeboxes
331,apparitions-art-blocks-curated,Apparitions - Art Blocks
332,uwucrew,uwucrew
333,the-starbucks-siren-collection,The Starbucks Siren Collection
334,100-print-by-ben-kovach,100 Print by Ben Kovach
335,satoshibles,Satoshibles
336,skinvial-evox-nft,RTFKT SKIN VIAL: EVO X
337,dendekaden,DenDekaDen Genesis Omikuji
338,gambling-apes,Gambling Apes
339,smilesssvrs,Smilesss ::)
340,cryptoblots-art-blocks-curated,Cryptoblots - Art Blocks Curated
341,nessgraphics,NessGraphics
342,automatism-art-blocks-factory,Automatism - Art Blocks Factory
343,boonji-project,Boonji Project
344,mind-the-gap-by-mountvitruvius,Mind the Gap by MountVitruvius
345,dreams-art-blocks-curated,Dreams - Art Blocks Curated
346,smallbros,SmallBros NFT
347,poap,POAP
348,art-gobblers,Art Gobblers
349,party-degenerates,Party Degenerates
350,chimerical-stories-by-entangled-others,Chimerical Stories
351,the-cryptodads,The Cryptodads
352,gutter-pigeons,Gutter Pigeons
353,petro-national-art-blocks-collaborations,Petro National - Art Blocks Collaborations
354,the-wanderers,The Wanderers
355,cupcats-official,Cupcats Official
356,robotos,Robotos Official
357,zed-run-official,ZED RUN
358,official-moar-by-joan-cornella,Moar by Joan Cornella
359,tom-sachs-rockets,Tom Sachs Rockets
360,the-humanoids,The Humanoids
361,vortex,Vortex - Art Blocks Curated
362,kpr,KPR (Old Contract)
363,3d-invisible-friends,Invisible Friends 3D
364,los-muertos-world,Los Muertos World
365,geometry-runners-art-blocks-curated,Geometry Runners - Art Blocks Curated
366,talisman-paper-of-yama,Talisman Paper of Yama
367,alien-clock-art-blocks-playground,Alien Clock - Art Blocks Playground
368,divine-anarchy,Divine Anarchy
369,apostles-genesis,Apostles: Genesis
370,algorhythms-art-blocks-curated,AlgoRhythms - Art Blocks
371,pulsquares,Pulsquares
372,gutter-rats,Gutter Rats
373,metropolis-by-mpkoz,Metropolis by Mpkoz
374,hyperhash-art-blocks-curated,HyperHash - Art Blocks Curated
375,lacoste-undw3-genesis-pass-nft,Lacoste UNDW3: Genesis Pass
376,hausphases,Hausphases by Haus
377,ignition-art-blocks-curated,Ignition - Art Blocks Curated
378,gevols,GEVOLs
379,crypto-chicks,Crypto Chicks
380,888-inner-circle,888 Inner Circle
381,scribbled-boundaries-art-blocks-curated,Scribbled Boundaries - Art Blocks Curated
382,cometh-spaceships-nft,Cometh Spaceships
383,spectron-art-blocks-curated,Spectron - Art Blocks Curated
384,algobots-art-blocks-curated,Algobots - Art Blocks
385,dystopunks,DystoPunks
386,headdao,HeadDAO
387,elementals-art-blocks-curated,Elementals - Art Blocks Curated
388,koin-games-dev-squad,Koin Games Dev Squad
389,mr-crypto-by-racksmafia,Mr. Crypto by Racksmafia
390,galaxy-fight-club,Galaxy Fight Club
391,coolmans-universe,Coolman's Universe
392,sipherian-surge,Sipherian Surge
393,arcade-land,Arcade Land
394,feetpix-wtf,feetpix.wtf
395,isekai-meta,Isekai Meta
396,the-sevens,The Sevens
397,byocraft,BYOCraft
398,bulls-on-the-block,Bulls on the Block
399,gutter-juice,Gutter Juice
400,corruption-s,Corruption(s*)
401,1935-by-william-mapan,1935 by William Mapan
402,wizards-dragons-game,Wizards and Dragons Game (WnD)
403,sidus-nft-heroes,Sidus NFT Heroes
404,jiometory-no-compute-art-blocks-curated,Jiometory No Compute - Art Blocks Curated
405,furballs,Furballs
406,the-association-nft,The Association NFT
407,rituals,Rituals - Venice by Aaron Penne x Boreta
408,sneaky-vampire-syndicate,Sneaky Vampire Syndicate
409,ecumenopolis-art-blocks-playground,Ecumenopolis - Art Blocks Playground
410,party-ape-billionaire-club,Party Ape Billionaire Club
411,wearing-your-emotion,Wearing Your Emotions - Reddit
412,stoner-cats,Stoner Cats
413,trossets-art-blocks-curated,Trossets - Art Blocks
414,kiwami-genesis,KIWAMI Genesis
415,dreamscapes-by-xander-steenbrugge,DreamScapes
416,obits,Obits
417,waifusion,Waifusion
418,chain-runners,Chain Runners
419,phototaxis-art-blocks-playground,Phototaxis - Art Blocks Playground
420,endless-nameless-art-blocks-curated,Endless Nameless - Art Blocks Curated
421,crypto-bull-society,Crypto Bull Society
422,generativemasks,Generativemasks
423,deez-nuts,Deez Nuts
424,cryptobatz-by-ozzy-osbourne,CryptoBatz by Ozzy Osbourne
425,ape-kids-club,Ape Kids Club
426,dream-capsules-by-obvious,Dream Capsules
427,gutter-clones,Gutter Clone
428,koala-intelligence-agency,Koala Intelligence Agency
429,dourdarcels,Dour Darcels
430,entretiempos-art-blocks-curated,Entretiempos - Art Blocks Curated
431,solvency,Solvency
432,mimic-shhans,Mimic Shhans
433,boki-nft,Boki
434,jordi-molla-masks,Jordi Molla - Masks
435,og-crystals,OG:Crystals
436,shinsei-galverse,Shinsei Galverse
437,parnassus-by-mpkoz,Parnassus by Mpkoz
438,adidas-wagmi-united,WAGMI United by Adidas
439,bubble-blobby-art-blocks-curated,Bubble Blobby - Art Blocks
440,colorspace-art-blocks-curated,Colorspace - Art Blocks Curated
441,watercolor-dreams-art-blocks-curated,Watercolor Dreams - Art Blocks Curated
442,monaco-planet-yacht,Monaco Planet Yacht
443,chainfaces,ChainFaces
444,bosque-de-chapultepec-by-daniel-calderon-arenas,Bosque de Chapultepec by Daniel Calderon
445,wicked-craniums,The Wicked Craniums
446,confluence-by-devi-parikh,Confluence
447,sights-by-artemis,Sights
448,deadheads,DeadHeads
449,byovape,BYOVAPE
450,8liens,8liens
451,sentimentite-by-agnieszka-kurant,Sentimentite
452,glitch-crystal-monsters-art-blocks-curated,Glitch Crystal Monsters - Art Blocks Curated
453,polygonpunks,PolygonPunks
454,deep-journeys-by-heavens-last-angel,Deep Journeys
455,decentraland_wearables,Decentraland Wearables
456,swampverse,Swampverse
457,genesis-mana-for-loot,Genesis Mana (for Loot)
458,ape-gang,Ape Gang
459,fomoverse,Fomoverse
460,wolf-game-wool-pouch,Wolf Game - Wool Pouch
461,ghostsproject,GhostsProject
462,asemica,Asemica - Art Blocks Curated
463,lonely-alien-space-club,Lonely Alien Space Club
464,aerial-view-art-blocks-curated,Aerial View - Art Blocks
465,27-bit-digital-art-blocks-curated,27-Bit Digital - Art Blocks
466,out-game-flowers-small-bouquets,Out-Game Flowers (Small Bouquets)
467,every-icon,Every Icon
468,genesis-adventurers-for-loot,Genesis Adventurers (for Loot)
469,ancient-courses-of-fictional-rivers-art-blocks-curated,Ancient Courses of Fictional Rivers - Art Blocks Curated
470,network-c-by-casey-reas,Network C by Casey Reas
471,blvckgenesis,Blvck Genesis
472,joyworld-joysmilies,JOYWORLD JOYsmilies
473,avidlines,Avidlines
474,catharsis-by-dario-lanza,Catharsis by Dario Lanza
475,broadside,Broadside
476,5-boro-bodega,5 Boro Bodega - Reddit
477,synapses-art-blocks-curated,Synapses - Art Blocks Curated
478,natsukashii,Natsukashii - Reddit
479,akumu-dragonz,Akumu Dragonz
480,rtfkt-x-rimowa,RTFKT x Rimowa
481,owls-wtf,Owls
482,lacoste-undw3-the-emerge-nft,Lacoste UNDW3: The Emerge
483,rinascita,Rinascita - Art Blocks Playground
484,gen-art-membership,GEN.ART Membership
485,first-first-nfts,First First NFTs
486,the-vogu-collective,The Vogu Collective
487,anonymice-breeding,Anonymice Babies
488,torque-squad,Torque Squad
489,rojom,Rojom - Reddit
490,para-bellum-art-blocks-curated,Para Bellum - Art Blocks Curated
491,crypts-and-caverns-nft,Crypts and Caverns NFT
492,framergence,Framergence
493,we-are-all-going-to-die,We Are All Going to Die
494,plasma-bears,Plasma Bears
495,inspirals-art-blocks-curated,Inspirals - Art Blocks Curated
496,autology,Autology - Art Blocks Curated
497,heaven-computer,Heaven Computer
498,song-a-day,Song A Day
499,sys32template,Sys32Template - Reddit
500,goatz,Goatz
501,gitcoin-presents,Gitcoin Presents
502,dotdotdots,Dotdotdots
503,adidas-virtual-gear-genesis,Adidas Virtual Gear - Genesis Collection
504,teopema-by-vadim-epstein-x-coh,Teopema
505,c-01-official-collection-nft,C-01 Official Collection
506,rhythm-art-blocks-playground,Rhythm - Art Blocks Playground
507,animetas,Animetas
508,space-punks-club,Space Punks Club
509,the-littles-nft,The Littles NFT
510,cryptotrunks,CryptoTrunks
511,8sian-main-collection,8SIAN Main Collection
512,starbucks-doing-good-journey-stamp,Doing Good Journey Stamp
513,metabillionaire,Metabillionaire
514,elements-by-atnpassion,Elements
515,reflection-by-jeff-davis,Reflection by Jeff Davis
516,ghost-boy-lives,Ghost Boy Lives
517,solos,Solos
518,spooky-boys-country-club,Spooky Boys Country Club
519,wavelength,Wavelength by Kaleb Johnston
520,fang-gang,Fang Gang
521,doge-pound-puppies,Doge Pound Puppies
522,flux-art-blocks-curated,Flux - Art Blocks Curated
523,benji-bananas-membership-pass,Benji Bananas - Membership Pass
524,plasticity-by-p4stoboy,Plasticity by p4stoboy
525,galacticapes,GalacticApes
526,bubblegum-kids,Bubblegum Kids
527,peaceful-groupies,Peaceful Groupies
528,inprecision-by-thomas-lin-pedersen,Inprecision by Thomas Lin Pedersen
529,crypto-pills-by-micha-klein,Crypto Pills by Micha Klein
530,dapper-dinos-nft,Dapper Dinos
531,royal-society-of-players,Royal Society of Players
532,celestial-assembly,Celestial Assembly - Reddit
533,cnp-makimono,CNP Makimono
534,tasty-bones-xyz,Tasty Bones XYZ
535,enlightenment,Enlightenment - Reddit
536,space-drip-forging-rtfkt-space-drip-x-nike-air-force-1,Space Drip Forging - RTFKT Space Drip x Nike Air Force 1
537,time-pieces-build-a-better-future,TimePieces Build a Better Future: Genesis Drop
538,the-n-project,The N Project
539,starbucks-bean-to-cup-journey-stamp,Bean to Cup Journey Stamp
540,fusion-by-hideki-tsukamoto,Fusion by Hideki Tsukamoto
541,koripo-by-rich-poole,Koripo by Rich Poole
542,clipmatrix-creatures-by-nikolay-jetchev,ClipMatrix Creatures
543,superlative-secret-society,The Superlative Secret Society
544,crypto-unicorns,Crypto Unicorns
545,quantum-key,Quantum Key
546,nike-monolith,RTFKT X NIKE Trillium Lace Engine	
547,alien-insects-art-blocks-playground,Alien Insects - Art Blocks Playground
548,slotie-nft,Slotie NFT
549,fake-feelings-by-dadabots-x-silverstein,Fake Feelings
550,thorguards,ThorGuards
551,velum-by-harvey-rayner-patterndotco,Velum by Harvey Rayner | patterndotco
552,uninterested-unicorns,Uninterested Unicorns
553,byokey,BYOKEY
554,ether-orcs,Ether Orcs
555,the-painted-banners-for-adventurers,The Painted Banners (for Adventurers)
556,nike-ar-hoodie-rtfkt,NIKE AR HOODIE X RTFKT
557,mgland,MG Land
558,bored-mummy-waking-up,Bored Mummy Waking Up
559,winter-bears,Winter Bears
560,al-cabones,Al Cabones
561,raidparty-fighters,RaidParty Fighters
562,fast-food-punks,Fast Food Punks (ERC721)
563,inflection-by-jeff-davis,Inflection by Jeff Davis
564,apes-in-space,Apes In Space
565,apollo-by-asaf-slook,Apollo
566,nth-culture-by-fingacode,NTH Culture by Fingacode
567,growl-gang,Growl Gang - Reddit
568,akuma-origins,Akuma Origins
569,cute-cool-and-creepy,"Cute, Cool and Creepy - Reddit"
570,shitbeast,ShitBeast
571,the-alien-secret-society,The Alien Secret Society
572,imaginatation-station,Imagination Station - Reddit
573,spooky-season-poieeeyee,Spooky Season: Poieeeyee - Reddit
574,tfoust10,tfoust10 - Reddit
575,revv-racing-collection,REVV Racing Collection
576,shinsekaicorp,Shinsekaicorp
577,the-yakuza-cats-society,The Yakuza Cats Society
578,mechminds,MechMinds AI
579,defy-genesis-masks,DEFY Genesis Masks
580,notbanksyechoes,notBanksyEchoes
581,joyworld-joytoys,JOYWORLD JOYtoys
582,yolo-holiday,Yolo Holiday
583,robness-prints,ROBNESS PRINTS
584,doodle-collection,Doodle Collection - Reddit
585,incognito,Incognito
586,metroverse-genesis,Metroverse Genesis
587,infinito-by-stefano-contiero,Infinito by Stefano Contiero
588,sunset-from-the-bluffs-by-nat-sarkissian,Sunset from the Bluffs by Nat Sarkissian
589,backed-goods-&-evils,Baked Goods & Evils - Reddit
590,derace-horses,DeRace Horses
591,animonkeys,Animonkeys
592,monkey-bet-dao,Monkey Bet DAO
593,i-quit-my-job-to-be-an-artist,I quit my job to be an Artist - Reddit
594,kaleidoscope-by-loren-bednar,Kaleidoscope by Loren Bednar
595,pohualli-by-fahad-karim,Pohualli by Fahad Karim
596,adidas-for-prada,Adidas for Prada
597,toshies-nft,TOSHIES
598,chill-frogs,Chill Frogs
599,rtfkt-capsule-space-drip-1-2,RTFKT Capsule : Space Drip #1.2
600,caminos-by-juan-rodriguez-garcia,Caminos by Juan Rodriguez Garcia
601,ephemeros-by-boreta,Ephemeros by Boreta
602,orchids-by-luke-shannon,Orchids by Luke Shannon
603,the-minds-eye,The Mind's Eye(s) - Reddit
604,the-official-surreals,The Official Surreals
605,nondescriptives-by-ivona-tau,Nondescriptives by Ivona Tau
606,formation-by-jeff-davis,Formation by Jeff Davis
607,ainightbirds,AI Nightbirds
608,trait-sniper-lifetime-access,Trait Sniper Lifetime Access
609,cool-cats-football-club,Cool Cats FC
610,old-school-cool,Old School Cool - Reddit
611,metasaurs,Metasaurs by Dr. DMT
612,lostsamurise,Lost SamuRise
613,the-nursery-by-sputniko,The Nursery by Sputniko!
614,lightspeed-lads,Lightspeed Lads - Reddit
615,avatar-rock-out,Avatar Rock Out - Reddit
616,treasure-of-ophiel,Spooky Season: TreasureOfOphiel - Reddit
617,tosolaris-by-iskra-velitchkova,ToSolaris by Iskra Velitchkova
618,creepz-shapeshifterz,Creepz Shapeshifterz
619,earth-to-planet,EarthToPlanet - Reddit
620,no-solo-un-jpg-nft,No solo un JPG
621,goop-troop,Goop Troop
622,reverse-zoology-by-ellie-pritts,Reverse Zoology by Ellie Pritts
623,non-living-by-gabriel-massan,Non-Living by Gabriel Massan
624,translucent-panes-by-fingacode,Translucent Panes by Fingacode
625,passages-by-aaron-penne-x-boreta,Passages by Aaron Penne x Boreta
626,cage-by-john-provencher,Cage by John Provencher
627,cute-snacks,Cute Snacks - Reddit
628,underwater-by-monica-rizzolli,Underwater by Monica Rizzolli
629,peculiar-gang,Peculiar Gang - Reddit
630,kernels-by-julian-hespenheide,Kernels by Julian Hespenheide
631,protectors-of-the-forest,Protectors of the Forest - Reddit
632,the-butterfly-garden,The Butterfly Garden - Reddit
633,haki-nft,HAKI NFT
634,conall-in-space,Spooky Season: Conall-in-Space - Reddit
635,lo-que-no-esta-by-marcelo-soria-rodriguez,Lo que no esta by Marcelo Soria Rodriguez
636,genuine-ardvark,GenuineArdvark - Reddit
637,creatures-without-pants,Creatures Without Pants - Reddit
638,hoppy-doodle,Spooky Season: Hoppy Doodle - Reddit
639,bites-of-brazil,Bites of Brazil - Reddit
640,radarscope-by-holger-lippmann,RadarScope by Holger Lippmann
641,gettin-groovy,Gettin' Groovy - Reddit
642,laura-dumitriu,Spooky Season: Laura Dumitriu - Reddit
643,rings-for-loot,Rings (for Loot)
644,creatures-of-the-nighties,Creatures of the Nighties - Reddit
645,fmarxy,Spooky Season: fmarxy - Reddit
646,glaciations-by-anna-lucia,Glaciations by Anna Lucia
647,raunchy-rancor,Spooky Season: RaunchyRancor - Reddit
648,worst-twitch-ever,Spooky Season: WorstTwitchEver - Reddit
649,bodegacatceo,Spooky Season: bodegacatceo - Reddit
650,color-streams-by-r4v3n,Color Streams by r4v3n
651,alicia-freeman-designs,Spooky Season: AliciaFreemanDesigns - Reddit
652,bald-tuesdays,Spooky Season: BaldTuesdays - Reddit
653,magic-of-the-woods,Magic of the Woods - Reddit
654,tandizojere,Spooky Season: tandizojere - Reddit
655,canetoonist,Spooky Season: Canetoonist - Reddit
656,ethermore,Ethermore
657,tirli,Spooky Season: tirli - Reddit
658,the-fatty-bagz,Spooky Season: TheFattyBagz - Reddit
659,limn-by-ralenarc,Limn by Ralenarc
660,joy-girls-club,Joy Girls Club - Reddit
661,avire-nft,Spooky Season: AVIRENFT - Reddit
662,stutter-void,StutterVoid - Reddit
663,drag-queens-of-big-gay-baby,Drag Queens of Big Gay Baby - Reddit
664,stellaraum-by-alida-sun,Stellaraum by Alida Sun
665,lux-by-jason-ting,Lux by Jason Ting
666,dubbl3bee,Spooky Season: dubbl3bee - Reddit
667,lumen-by-p1xelfool,LÅ«men by P1xelfool
668,aylia,Aylia - Reddit
669,game-of-thrones-nft-the-north-series-1-avatars,Game of Thrones: The North Series I Avatars
670,eando9745,Spooky Season: eando9745 - Reddit
671,oana193,Spooky Season: oana193 - Reddit
672,intricada-by-camille-roux,Intricada by Camille Roux
673,wirwar-by-bart-simons,Wirwar by Bart Simons
674,puzzled-panther,Spooky Season: puzzled panther - Reddit
675,substantial-law-910,Spooky Season: Substantial-Law-910 - Reddit
676,game-of-thrones-the-north-series-1-hero-box,Game of Thrones: The North Series I Hero Box
677,rubicon-by-mario-carrillo,Rubicon by Mario Carrillo
678,brise-soleil-by-jorge-ledezma,Brise Soleil by Jorge Ledezma
679,revv-motorsport,REVV Motorsport
680,transcendence-by-jeff-davis,Transcendence by Jeff Davis
